Continent,Total Internet Usage (%)
Africa,18177.55992678
Asia,42190.52397334
Europe,65559.16196
North America,28068.8478343
Oceania,10768.685047
South America,10740.598831
